#,ID,Due Date,Invoice
1,1fgkg256zmjsboaojutpa,16-01-2021,
2,tb3fv8w09d7iwr1a9s2yf,30-12-2020,
3,iu0yri1lwnd5g2bjlsci7t,04-03-2021,
4,1s8xrfkjj92jxij3jmblut,13-02-2021,
1,1fgkg256zmjsboaojutpa,16-01-2021,
2,tb3fv8w09d7iwr1a9s2yf,30-12-2020,
3,iu0yri1lwnd5g2bjlsci7t,04-03-2021,
4,1s8xrfkjj92jxij3jmblut,13-02-2021,
5,2o3xn8dp9xc6i1j7y7pxv,17-03-2021,
6,55vqmfr7wvnr90yg2byt1,21-02-2021,
7,5bq7gq4rglqxafzt74vp5,04-02-2021,
8,ynnyjf6rxumyio78q9mwl,25-01-2021,
9,wdtkke5k6bd76bhgqz0iec,26-12-2020,
10,x1ee7l78x9gulocriy31h,22-12-2020,
11,jfao1r39tyjhepne76mah,16-03-2021,
12,9rxbs735genwuphpwwbdia,23-03-2021,
